pilot_site_id,days,days_with_data,energy_in_kwh,energy_out_kwh,split_hp_heat_output_kwh,period_simple_tank_heat_loss_estimate_kwh,daily_avg_simple_tank_heat_loss_estimate_kwh,cop_period,cop_average,cop_period_split_hp,cop_period_simple_tank_heat_loss_adjusted,element_on_hours,heat_pump_only_hours,system_on_hours,idle_hours,ambient_temperature_c_system_on,water_l,daily_avg_water_l,energy_in_kwh_idle,energy_in_kwh_hp_only,energy_in_kwh_element,avg_hot_outlet_c_corrected,avg_cold_inlet_c_corrected,avg_ambient_temperature_c_draw_weighted,hot_water_temp_include_tank_temps,hot_water_apply_forward_looking_maximum,cold_water_temp_include_ambient_temp,cold_water_apply_forward_looking_minimum,zone,niwa_climate_zone,household_size,number_of_people,new_system_type,existing_water_heater_type,existing_system_indoor_or_outdoor,new_system_indoor_or_outdoor,refrigerant,tank_volume_l,electrical_element_w,rated_power_hp_only_w,heat_pump_threshold_w,electrical_element_threshold_w,ua_from_as_nzs_4692_w_per_k
pilot_001,336,307,1981.5635166666666,5177.018406431443,0.0,402.68045022584016,1.3116627043186977,2.6125927142320853,2.6125927142320853,0.0,2.815806210463192,93.83333333333334,2964.5,3058.3333333333335,4300.533333333333,11.946765830544958,164370.015,535.4072149837134,4.725083333333334,1731.8568166666666,244.98161666666664,42.69761749987672,15.610649725567646,13.004681159331888,no,yes,no,yes,1,Dunedin,Large,6,Integral,,,,R290,280,3250,1000,150,1200,1.712121212
pilot_002,336,281,1085.2864666666667,3164.248937843223,0.0,265.0728229871278,0.9433196547584618,2.9155886809883955,2.9155886809883955,0.0,3.1598309443248844,2.466666666666667,1276.4333333333334,1278.9,5422.916666666666,12.373982977037558,103910.04,369.7866192170818,10.935749999999999,1069.9980500000001,4.352666666666666,45.72693259493886,19.53808382693097,15.433182014627269,no,yes,no,yes,1,Wellington,Medium,4,Integral,Electric,Indoor,Outdoor,R290,270,1500,665,150,1100,1.712121212
pilot_003,336,325,836.8285333333333,1186.6294379242358,0.0,333.4804309334387,1.0260936336413498,1.4180078602214279,1.4180078602214279,0.0,1.8165129513481468,0.13333333333333333,796.3,796.4333333333333,6985.566666666667,18.63382926202235,45359.165,139.56666153846155,27.254283333333333,802.22425,7.35,41.85031082543848,19.351822247786085,19.391935139763923,no,yes,no,yes,1,Northland,Medium,3,Split,Electric,Indoor,Outdoor,R134a,250,3000,930,150,1300,1.636363636
pilot_004,336,261,712.4141999999999,1008.3418441163137,0.0,280.3158800558764,1.0740072032792198,1.4153870657214775,1.4153870657214775,0.0,1.808860244745529,29.616666666666667,1157.4666666666667,1187.0833333333333,5058.916666666666,13.281438677290277,22478.955,86.1262643678161,15.48525,637.01665,59.9123,55.79289994731738,17.21532277286244,15.757279227168253,no,yes,no,yes,2,Northland,Small,2,Integral,Low pressure electric,Indoor,Outdoor,,220,1700,550,150,800,1.484848485
pilot_005,336,317,581.21375,546.8078470496308,0.0,334.35497389760803,1.05474755172747,0.9408033568538783,0.9408033568538783,0.0,1.5160735976174666,93.28333333333333,511.4166666666667,604.7,6985.299999999999,16.89190650129541,21237.675,66.99582018927444,21.5467,403.92005,155.747,42.18672129293108,20.043997403734167,16.489879660742055,no,yes,no,yes,1,Dunedin,Small,2,Integral,Electric,Indoor,Outdoor,R290,260,1500,660,150,1300,1.636363636
pilot_006,336,323,900.9935666666668,1668.763081132779,0.0,375.6873327598693,1.1631186772751372,1.8521365111479844,1.8521365111479844,0.0,2.2691065613890413,21.783333333333335,1633.9666666666667,1655.75,6078.25,16.45035462022835,57665.915,178.53224458204335,19.149733333333337,845.43255,36.41128333333334,43.153221929352895,18.266652127855767,18.279246939740744,no,yes,no,yes,1,Northland,Medium,4,Integral,Electric,Indoor,Outdoor,R134a,302,1700,550,150,800,1.787878788
pilot_007,336,107,306.9013333333333,488.8833551930611,0.0,78.0749594938146,0.7296725186337814,1.5929658886886378,1.5929658886886378,0.0,1.847363478447609,0.0,304.3666666666668,304.3666666666668,2263.6333333333337,17.224274003747855,15352.5,143.48130841121494,4.567016666666667,302.33431666666667,0.0,44.920404627585086,17.534353035336267,15.309870296368668,no,yes,no,yes,1,Dunedin,Medium,4,Split,Low pressure electric,Indoor,Outdoor,R134a,180,3000,930,150,1300,1.333333333
pilot_008,336,327,896.1425999999999,1495.7108481426044,0.0,346.46130218664496,1.0595146855860702,1.6690545100105771,1.6690545100105771,0.0,2.0556685401734605,100.19999999999999,941.9333333333333,1042.1333333333332,6787.466666666667,18.392400526724025,53377.17,163.2329357798165,20.43686666666667,706.2978499999999,169.40788333333333,43.84921665872787,19.750418953462688,17.365682243296153,no,yes,no,yes,1,Manawatu,Medium,3,Integral,Electric,Indoor,Outdoor,R290,260,1500,660,150,1300,1.636363636
pilot_009,336,290,1755.75445,3221.8904738308165,0.0,377.0210591429976,1.3000726177344746,1.835046167094047,1.835046167094047,0.0,2.0497806700554366,238.81666666666666,1314.1333333333334,1552.95,5365.049999999999,11.385028750639464,85717.0,295.57586206896553,258.88461666666666,1084.7188166666665,412.1510166666667,48.21341386492761,15.88777723753748,12.59672330482868,no,yes,no,yes,3,Wairarapa,Medium,3,Integral,Gas Instant,Outdoor,Outdoor,R290,270,1500,665,150,1100,1.712121212
pilot_010,336,195,846.8449499999999,1832.6474062024613,0.0,236.5178628386342,1.212912117121201,2.1640884865670644,2.1640884865670644,0.0,2.4433814821014117,53.76666666666667,936.4499999999998,990.2166666666665,3672.7833333333333,15.352778195344454,51700.825,265.13243589743587,12.054100000000002,742.80155,91.98929999999999,48.80750385229346,18.322607692651907,16.503723852186113,no,yes,no,yes,2,Wellington,Large,5,Integral,Low pressure electric,Indoor,,R290,270,1500,665,150,1100,1.712121212
pilot_011,336,269,734.4529666666667,1215.7829849428597,0.0,410.5896838556702,1.5263557020656886,1.6553585322974749,1.6553585322974749,0.0,2.2144000264303694,0.08333333333333334,986.4333333333333,986.5166666666667,5460.466666666667,10.277930334805966,31774.969999999998,118.12256505576207,23.25985,711.0697833333334,0.12333333333333331,47.0386246287046,14.13269317820127,12.409442512900878,no,yes,no,yes,2,Wellington,Large,5,Integral,Low pressure electric,Indoor,Outdoor,R290,330,2200,700,150,1200,1.931818182
pilot_012,336,321,1644.6918166666667,3679.031596625605,0.0,377.32269763488927,1.1754601172426458,2.2369124472705044,2.2369124472705044,0.0,2.466330927870485,80.01666666666667,2880.05,2960.066666666667,4726.933333333333,16.46627208751787,93437.195,291.08160436137075,14.548300000000001,1471.2440333333334,158.89948333333336,52.738238244452326,18.875895430335852,16.8445641834673,no,yes,no,yes,1,Auckland,Medium,4,Integral,Electric,Indoor,Outdoor,R134a,302,1700,550,150,800,1.787878788
pilot_013,336,289,1452.687,5074.839086282045,0.0,323.6200877570712,1.1197926912009384,3.4934153649630275,3.4934153649630275,0.0,3.7161888101422513,8.466666666666667,1685.8333333333335,1694.3000000000002,5232.333333333334,17.164478875986152,146567.41999999998,507.1537024221453,12.463200000000011,1425.1491333333333,15.074666666666666,49.611992343291924,19.83450081312648,18.352628647150578,no,yes,no,yes,1,Queenstown-Lakes,Large,6,Integral,Electric,Indoor,Outdoor,R290,270,1500,665,150,1100,1.712121212
pilot_014,336,295,588.0961,867.2345947088056,0.0,374.54369844731355,1.2696396557536052,1.4746477569036858,1.4746477569036858,0.0,2.11152274799326,0.6833333333333333,1037.4833333333336,1038.166666666667,5998.833333333333,12.166067640873335,20178.5,68.40169491525424,6.3751999999999995,580.6617333333332,1.0591666666666666,52.58439767177937,15.622778203037885,13.558528626508412,no,yes,no,yes,2,Northland,Small,2,Integral,Electric,Indoor,Outdoor,R290,246,1500,430,150,860,1.636363636
pilot_015,336,291,499.73465,768.4953260656666,0.0,368.2797500443419,1.2655661513551268,1.5378067661821462,1.5378067661821462,0.0,2.274757365954129,0.0,944.0833333333334,944.0833333333334,5996.916666666667,11.710357156501018,18391.269999999997,63.200240549828166,6.031983333333334,493.7026666666667,0.0,51.12489694094808,15.18864436579421,13.19632024526039,no,yes,no,yes,2,Northland,Small,2,Integral,Low pressure electric,Indoor,Outdoor,R290,246,1500,430,150,860,1.636363636
pilot_016,336,235,581.0967166666667,527.0136473140807,0.0,281.78278588838157,1.199075684631411,0.9069293152044954,0.9069293152044954,0.0,1.3918447824691642,96.1,528.0,624.1,4973.9,12.832052910591251,12487.85,53.13978723404256,14.755916666666668,391.2393666666667,175.10143333333332,51.601569375629104,15.307349581649364,14.024416323210158,no,yes,no,yes,2,Central Otago,Small,2,Integral,Low pressure electric,Indoor,,R290,260,1500,660,150,1300,1.636363636
pilot_017,336,233,2007.1828333333333,1832.9590082900029,0.0,230.42434018460867,0.9889456660283634,0.9131998230803935,0.9131998230803935,0.0,1.0279996989850426,358.18333333333334,2489.116666666667,2847.3,2726.7,15.490641421314345,81600.36,350.2161373390558,8.53745,1291.8607,706.7846833333333,36.193351678439285,16.87527192651601,15.07854020001076,no,yes,no,yes,1,Dunedin,Small,1,Integral,Low pressure electric,Indoor,Outdoor,R134a,220,1700,550,150,800,1.484848485
pilot_018,336,324,462.0837333333333,608.5663987745388,0.0,290.82818834640403,0.8976178652666791,1.31700459218619,1.31700459218619,0.0,1.9463887651551381,25.866666666666667,729.6499999999999,755.5166666666665,7002.483333333334,15.958336140974167,23183.065,71.55266975308642,7.276316666666667,398.0048833333333,56.802533333333336,41.42774025648895,18.852083491486134,16.969105345524845,no,yes,no,yes,1,Dunedin,Small,1,Integral,Gas storage,Outdoor,Outdoor,R290,170,2150,850,150,1000,1.333333333
pilot_019,336,324,2407.766383333333,4775.153838758792,0.0,384.6544652545732,1.1872051396746086,1.9832297152301073,1.9832297152301073,0.0,2.142985440668077,0.3833333333333333,2409.0,2409.383333333333,5348.466666666667,17.25351834134599,180911.115,558.3676388888889,10.8021,2395.819483333333,1.1448,41.89016312087762,19.19018732841539,17.86917368644486,no,yes,no,yes,1,Dunedin,Extra large,10,Split,Low pressure electric,Indoor,Outdoor,R134a,300,3000,930,150,1300,1.787878788
pilot_020,336,227,799.1545833333332,1446.9408475414743,0.0,267.498018049355,1.1784053658561893,1.8105894375355722,1.8105894375355722,0.0,2.1453156890370035,9.25,1257.15,1266.4,4151.483333333333,8.198214466003632,43101.705,189.8753524229075,4.998266666666666,774.28095,19.875366666666668,40.18180384411591,11.3109516269484,6.9341668277182995,no,yes,no,yes,3,Auckland,Medium,4,Integral,,,,R290,280,3250,1000,150,1200,1.712121212
pilot_021,336,287,620.27665,833.6012885151972,0.0,298.74204312662533,1.04091304225305,1.343918537825335,1.343918537825335,0.0,1.8255456361960787,0.016666666666666666,1084.0666666666666,1084.0833333333333,5785.916666666666,21.168149814589903,19006.5,66.22473867595819,19.28516666666667,600.95725,0.03423333333333333,53.68858042143477,15.969638284008102,18.451446654565544,no,yes,no,yes,3,Dunedin,Small,2,Integral,Gas instant,Outdoor,Outdoor,R134a,220,1700,550,150,800,1.484848485
pilot_022,336,295,1072.2103333333334,2877.661960988231,0.0,374.030420172064,1.267899729396827,2.6838595670329273,2.6838595670329273,0.0,3.032700096306006,3.8666666666666663,1993.5,1997.3666666666666,5064.633333333333,11.919425918146393,61084.34,207.0655593220339,5.1131,1058.8439666666668,8.253266666666667,56.03348560386263,15.518735269912058,12.766768941487294,no,yes,no,yes,2,Wairarapa,Small,2,Integral,Electric,Indoor,Outdoor,R290,246,1500,430,150,860,1.636363636
pilot_023,336,243,2118.9709000000003,5795.457519801479,0.0,281.19251697271545,1.1571708517395698,2.735034029868687,2.735034029868687,0.0,2.867736426571122,0.0,2070.1,2070.1,3743.8999999999996,18.03016326485838,188648.765,776.332366255144,11.9672,2107.0037,0.0,45.98053885490054,19.560281895037058,18.468313490156426,no,yes,no,yes,1,Queenstown-Lakes,Large,7,Split,Low pressure electric,Indoor,Outdoor,CO2,300,0,960,150,99999,1.787878788
pilot_024,336,300,1677.5754499999998,2789.4433426099467,0.0,403.6082623360703,1.3453608744535677,1.662782644208311,1.662782644208311,0.0,1.9033728735992277,170.08333333333334,2722.6499999999996,2892.733333333333,4265.266666666666,13.061397581958241,80731.09,269.10363333333333,14.366199999999997,1339.34595,323.8633,46.45916214598614,16.743869937971233,13.259262888683901,no,yes,no,yes,2,Northland,Large,5,Integral,Low pressure electric,Indoor,Outdoor,R134a,302,1700,550,150,800,1.787878788
pilot_025,336,300,1753.66025,3939.3753076440516,0.0,400.6265316987318,1.335421772329106,2.2463731544602505,2.2463731544602505,0.0,2.474824778256098,0.0,1632.7666666666669,1632.7666666666669,5549.233333333334,13.048156456729885,115552.39499999999,385.17465,23.46483333333336,1730.195416666667,0.0,43.639865596087816,14.32069477395341,13.094237545869992,no,yes,no,yes,2,Dunedin,Large,7,Split,Low pressure electric,Indoor,,CO2,300,0,960,150,99999,1.787878788
pilot_026,336,225,617.9821499999999,718.594503615352,0.0,302.15168236161117,1.3428963660516051,1.1628078636500294,1.1628078636500294,0.0,1.6517405656085102,12.2,1129.2166666666667,1141.4166666666667,4249.566666666667,12.433395774826604,22320.09,99.2004,16.519733333333335,576.45165,25.01076666666667,41.77407013331711,14.086093079676203,13.731859222946683,no,yes,no,yes,3,Dunedin,Small,1,Integral,Low pressure electric,Indoor,,R134a,302,1700,550,150,800,1.787878788
pilot_027,336,281,896.7578,2642.925856685857,0.0,385.22918019878273,1.3709223494618603,2.947201414569081,2.947201414569081,0.0,3.376781374953906,8.616666666666667,1429.5,1438.1166666666666,5274.900000000001,7.753879375752678,57571.795,204.88183274021353,6.049333333333332,869.78985,20.91861666666667,52.87575177843248,13.395629755916067,11.789750523769497,no,yes,no,yes,3,Dunedin,Medium,4,Integral,,,,R290,280,3250,1000,150,1200,1.712121212
pilot_028,336,250,504.83878333333325,540.8134904764258,0.0,204.17949430189952,0.8167179772075981,1.0712597928898409,1.0712597928898409,0.0,1.475704738568835,0.2,510.1,510.3,5420.616666666667,20.806155740250833,15625.035,62.50014,7.649366666666667,494.64275,2.546666666666667,45.47502409628203,15.708385516560444,21.666357264895726,no,yes,no,yes,3,East Coast,Small,2,Split,,,,R134a,250,3000,930,150,1300,1.636363636
pilot_029,336,293,1298.3415333333335,2828.6916333549007,0.0,399.4746221341235,1.3633946147922302,2.1786960986240502,2.1786960986240502,0.0,2.486376791167653,0.0,1182.9333333333334,1182.9333333333334,5819.083333333334,12.813397271049368,58643.59,200.14877133105801,24.201600000000035,1274.1399333333336,0.0,56.556407248533894,15.07358133856488,13.112882323609451,no,yes,no,yes,3,Auckland,Medium,6,Split,Gas instant,Outdoor,,CO2,300,0,960,150,99999,1.787878788
pilot_030,336,324,410.4347333333333,581.1981309354801,0.0,355.48300646354926,1.0971697730356458,1.416054938175668,1.416054938175668,0.0,2.2821682994316825,0.0,753.5666666666666,753.5666666666666,7004.4333333333325,16.60098605310302,20529.0,63.361111111111114,7.052533333333334,403.3822,0.0,43.657800097454825,19.310002039232305,17.259292817852792,no,yes,no,yes,1,Wellington,Small,1,Integral,Electric,Indoor,Outdoor,R290,246,1500,430,150,860,1.636363636
pilot_031,336,328,2085.55805,3359.1580088946757,0.0,298.8570934737302,0.9111496752247871,1.6106758615012782,1.6106758615012782,0.0,1.7539742431856096,0.06666666666666667,2182.4666666666662,2182.533333333333,5671.466666666667,16.37841247472356,108690.735,331.3741920731707,22.797583333333336,2062.657133333333,0.10333333333333355,41.06220059533363,14.48304473051176,16.6580969848948,no,yes,no,yes,2,Wellington,Medium,4,Split,Low pressure electric,Indoor,Indoor/outdoor,R134a,180,3000,930,150,1300,1.333333333
pilot_032,336,212,1721.8655833333335,2562.8509606197176,0.0,281.6674296472022,1.3286199511660481,1.4884152313784758,1.4884152313784758,0.0,1.65199793630828,231.9666666666667,2536.45,2768.4166666666665,2309.166666666667,13.296834766755968,94169.22,444.19443396226416,7.133866666666668,1251.7743666666665,462.95735,38.90080886816255,15.495323340409426,13.5447020826476,no,yes,no,yes,1,Auckland,Medium,3,Integral,Gas storage,Indoor,Outdoor,R134a,302,1700,550,150,800,1.787878788
pilot_033,336,300,961.4464,1888.7592377598664,0.0,352.78077839695266,1.1759359279898423,1.96449769613768,1.96449769613768,0.0,2.3314248367426607,2.283333333333333,1713.75,1716.0333333333333,5465.966666666667,16.024948565927236,60706.175,202.35391666666666,16.668799999999997,940.03875,4.73885,45.07795052387422,18.320359672237625,16.773106896076058,no,yes,no,yes,1,Northland,Medium,4,Integral,Electric,Outdoor,Outdoor,R134a,302,1700,550,150,800,1.787878788
pilot_034,336,289,929.6678833333335,2477.0967551755652,0.0,319.9677661607666,1.107154900210265,2.6644964288686728,2.6644964288686728,0.0,3.0086707000218498,2.5666666666666664,1029.75,1032.3166666666666,5894.433333333333,17.827386881488238,80350.325,278.0288062283737,13.247750000000021,913.5093500000002,2.9107833333333337,46.696948841818624,20.183964858870826,18.791115386676406,no,yes,no,yes,1,Queenstown-Lakes,Large,5,Integral,Electric,Indoor,Outdoor,R290,270,1800,665,150,1100,1.712121212
pilot_035,336,212,680.3171333333335,1951.9962525639687,0.0,230.88743100622978,1.0890916556897632,2.8692445874467687,2.8692445874467687,0.0,3.2086266486848216,2.8666666666666663,802.8,805.6666666666666,4243.65,15.744433659125834,62126.729999999996,293.05061320754714,9.189600000000008,667.3192,3.8083333333333336,46.25687398411843,19.235728177460008,17.400112154056714,no,yes,no,yes,1,Dunedin,Large,5,Integral,Electric,Indoor,Outdoor,R290,270,1800,665,150,1100,1.712121212
pilot_036,336,263,657.8035833333333,2279.2149719098484,0.0,267.2082871468022,1.016001091812936,3.4648868289227397,3.4648868289227397,0.0,3.8710997075342535,0.0,1289.25,1289.25,5004.75,18.858013105875507,54351.325,206.65903041825095,3.5469999999999997,654.2565833333333,0.0,54.93705215589684,18.872675523869013,19.648610954976718,no,yes,no,yes,1,Dunedin,Medium,4,Integral,Electric,Indoor,Outdoor,R290,246,1500,430,150,860,1.636363636
pilot_037,336,282,939.4392499999999,2210.2920463247465,0.0,345.56894961386575,1.2254218071413678,2.352778049591548,2.352778049591548,0.0,2.720624027512809,0.2833333333333333,1133.1,1133.3833333333332,5604.633333333333,12.859567814025011,56575.025,200.6206560283688,17.685616666666668,921.2159166666665,0.5377166666666666,47.37582773689715,13.77668605481394,13.473424835187434,no,yes,no,yes,3,Northland,Medium,4,Integral,,,,R290,270,1500,665,150,1100,1.712121212
pilot_038,336,260,832.9732333333333,2407.3720457461905,0.0,325.2030114686106,1.25078081334081,2.8900953228863546,2.8900953228863546,0.0,3.280507641619858,4.1,996.4833333333333,1000.5833333333334,5221.416666666667,13.873416324643959,54294.770000000004,208.82603846153847,16.454733333333333,809.1951666666666,7.323333333333334,52.40178106190062,14.269876950792865,14.323237968520724,no,yes,no,yes,2,Dunedin,Medium,4,Integral,Electric,Indoor,,R290,270,1500,665,150,1100,1.712121212
pilot_039,336,268,840.5483333333366,1079.6597144804482,0.0,193.47075372163232,0.7219057974687774,1.284470709969616,1.284470709969616,0.0,1.5146427846133086,0.8166666666666667,919.1166666666667,919.9333333333334,5471.15,21.64330170750598,34477.12,128.64597014925374,19.57166666666719,819.6116666666694,1.365000000000002,42.31662862468791,15.38521233132582,21.82203677868105,no,yes,no,yes,3,Dunedin,Small,2,Split,,,,R134a,180,3000,930,150,1300,1.333333333
pilot_040,336,291,745.4384833333334,2122.892567854283,0.0,305.91262152920126,1.051246122093475,2.8478440747537865,2.8478440747537865,0.0,3.2582235069522287,0.18333333333333332,1402.4833333333331,1402.6666666666665,5563.333333333334,17.005667705323194,52930.145000000004,181.89053264604811,5.688666666666667,739.3723166666667,0.3775,51.42930921329612,16.936528322596697,18.175755833911847,no,yes,no,yes,1,Dunedin,Medium,3,Integral,Electric,Indoor,Outdoor,R290,246,1500,430,150,860,1.636363636
pilot_041,336,293,727.2855833333333,1950.735173625008,0.0,342.65170974662453,1.1694597602273875,2.682213450023712,2.682213450023712,0.0,3.153351222583654,0.6333333333333333,887.2,887.8333333333334,6126.083333333333,18.347495756744394,48498.26,165.52307167235494,27.122883333333334,699.2160333333333,0.946666666666667,53.05722819968077,18.465247170197443,18.97005134363686,no,yes,no,yes,1,Queenstown-Lakes,Large,5,Integral,Electric,Indoor,Outdoor,R290,330,2200,700,150,1200,1.931818182
pilot_042,336,297,1246.08585,4304.305090554737,0.0,365.4701456183366,1.2305392108361501,3.4542604673303505,3.4542604673303505,0.0,3.747554982807223,0.0,1651.8833333333332,1651.8833333333332,5458.116666666667,17.75958418513212,118127.87,397.736936026936,24.445283333333336,1221.6405666666665,0.0,49.99329451703226,18.6565447021029,18.614489072020007,no,yes,no,yes,1,Queenstown-Lakes,Large,6,Integral,Gas instant,Outdoor,Outdoor,R290,330,2200,700,150,1200,1.931818182
pilot_043,336,251,606.4807833333332,1407.1954302153272,0.0,235.69859158583904,0.9390382134893985,2.3202638383381493,2.3202638383381493,0.0,2.708897077944514,0.03333333333333333,1158.5166666666667,1158.55,4856.3,16.272513053155524,33997.67,135.4488844621514,4.8846,601.56845,0.027733333333333332,52.96218822738882,17.365586558253845,17.326850786484783,no,yes,no,yes,1,Dunedin,Medium,4,Integral,Electric,Indoor,Outdoor,R290,195,1500,430,150,800,1.409090909
pilot_044,336,322,644.7180333333333,1110.2170861396262,0.0,324.75128119756033,1.0085443515452184,1.722019594208589,1.722019594208589,0.0,2.2257301535650957,1.1166666666666667,1221.7166666666667,1222.8333333333333,6487.166666666666,18.387355800367995,36488.035,113.31687888198759,6.230166666666667,636.2031,2.2847666666666666,44.97366936383118,18.80626125487163,19.010042779031533,no,yes,no,yes,1,Dunedin,Small,1,Integral,Electric,Indoor,Outdoor,R290,246,1500,430,150,800,1.636363636
pilot_045,336,322,642.7090166666667,1712.0911584180699,0.0,339.44618818974936,1.054180708663818,2.6638667173173105,2.6638667173173105,0.0,3.192015816501022,0.0,1236.5333333333333,1236.5333333333333,6473.466666666667,17.503473805181155,46345.4,143.92981366459628,6.5861,636.1229166666667,0.0,50.631484998765785,18.861023282964435,18.785160728892187,no,yes,no,yes,1,Dunedin,Medium,4,Integral,Electric,Indoor,Outdoor,R290,246,1500,430,150,800,1.636363636
pilot_046,336,228,1010.2600000000002,2292.2484986747636,0.0,310.17389427239357,1.3604118169841823,2.2689688779866204,2.2689688779866204,0.0,2.575992707765483,2.0833333333333335,1374.4,1376.4833333333333,4074.9999999999995,14.439428614557224,49564.810000000005,217.38951754385968,20.006666666666682,987.2933333333335,2.9600000000000004,54.22704575551686,14.453754728847944,15.208108428585724,no,yes,no,yes,3,Northland,Large,6,Integral,Low pressure electric,Indoor,Outdoor,R290,330,2200,700,150,1200,1.931818182
pilot_047,336,324,316.17446666666666,372.5734215139123,0.0,332.77465896105014,1.027082280743982,1.178379220314161,1.178379220314161,0.0,2.230882486847333,0.0,554.0833333333334,554.0833333333334,7203.916666666666,17.563482259888705,10428.51,32.18675925925926,6.19825,309.97621666666663,0.0,50.80788571712546,20.08281543502859,17.32556419857199,no,yes,no,yes,1,Central Otago,Small,1,Integral,Electric,Indoor,Outdoor,R290,246,1500,430,150,800,1.636363636
pilot_048,336,266,706.1083333333335,1912.5895984020585,0.0,219.84760969037143,0.826494773272073,2.7086347917369498,2.7086347917369498,0.0,3.0199858965348985,1.1,1258.2,1259.3,5082.700000000001,16.125024085881044,41942.0,157.6766917293233,9.830000000000005,686.7033333333334,9.574999999999998,57.270996545467554,18.053855477206618,18.60658311465834,no,yes,no,yes,1,Dunedin,Small,2,Integral,Gas,Outdoor,Outdoor,R290,170,2150,850,150,1000,1.333333333
pilot_049,336,245,700.2660333333333,1641.7281736871166,0.0,255.38506487261145,1.04238801988821,2.3444349654835226,2.3444349654835226,0.0,2.709132170140093,1.9666666666666666,1355.7833333333333,1357.75,4504.25,17.625614215049406,41967.0,171.29387755102042,4.740616666666667,691.4706833333332,4.054733333333334,51.26489092679963,17.62174471263135,18.502673699335194,no,yes,no,yes,1,Auckland,Medium,4,Integral,Electric,Indoor,Outdoor,R290,246,1500,430,150,800,1.636363636
pilot_050,336,289,1059.0466666666698,2677.155430987854,0.0,350.53252419140824,1.2129153086207898,2.527891843911045,2.527891843911045,0.0,2.8588805861679876,64.06666666666666,1159.9833333333336,1224.0500000000002,5694.1,14.299189733180834,61724.01,213.57788927335642,20.475000000000474,933.3216666666692,105.25000000000011,51.87744317219587,14.576424400712137,15.53533993860007,no,yes,no,yes,3,Christchurch,Medium,4,Integral,Electric,Indoor,,R290,270,1500,665,150,1100,1.712121212
pilot_051,336,267,1029.9830010599583,2166.607449572222,0.0,450.77136619141544,1.688282270379833,2.1035370946341447,2.1035370946341447,0.0,2.5411864206206176,0.025,1342.1333333333332,1342.1583333333333,5008.516666666666,9.530981814117807,41801.0,156.55805243445693,34.42621681704167,995.50295977625,0.05382446666666667,56.954649649529905,12.379086624721895,13.761304753474798,yes,yes,no,yes,3,Wellington,Large,5,Integral,,,,R290,330,1500,820,150,1300,1.931818182
pilot_052,336,268,1223.3892915897081,2584.186367894444,0.0,429.3785432758919,1.6021587435667608,2.1123173021536554,2.1123173021536554,0.0,2.4632918825490298,0.0,1310.9333333333332,1310.9333333333332,4878.908333333334,7.893256712774614,49577.0,184.98880597014926,37.390939596308336,1185.9983519933999,0.0,56.81610363676705,11.988361538616697,10.581644714282833,yes,yes,no,yes,2,Central Otago,Large,5,Integral,Low pressure electric,Indoor,Outdoor,R290,330,1500,820,150,1300,1.931818182
pilot_053,336,315,907.3010896211167,2530.5950912666667,2722.7263750555558,524.0776010164004,1.6637384159250808,2.7891458747431104,2.7891458747431104,3.000907202913808,3.3667684600254137,0.0,931.9916666666667,931.9916666666667,6585.866666666667,16.340744284194244,51423.0,163.24761904761905,5.328290042225,901.9727995788917,0.0,60.09423720903098,17.772008634268712,18.43570581257414,yes,yes,no,yes,1,Auckland,Extra large,8,Split,Low pressure electric,Indoor,Outdoor,CO2,315,0,870,150,99999,1.863636364
pilot_054,336,191,782.991656479825,1802.7464460055558,1805.7671450000007,277.9928923245875,1.455460169238678,2.302382702403683,2.302382702403683,2.306240596634671,2.657422108026967,0.03333333333333333,421.7916666666667,421.82500000000005,4139.65,15.23404749204844,40774.0,213.4764397905759,36.220714220925004,746.6757006922332,0.09524156666666667,54.73384926668956,16.710129003776917,16.722369647324275,yes,yes,no,yes,2,Northland,Medium,3,Split,Electric,Indoor,Outdoor,R290,250,3000,1360,150,2100,1.636363636
pilot_055,336,254,1551.9434652550335,4407.932534055555,0.0,407.4571853331063,1.6041621469807334,2.8402661776930076,2.8402661776930076,0.0,3.1028125876978,13.275,1946.791666666667,1960.066666666667,4118.616666666667,8.113071409135744,81312.0,320.12598425196853,0.060118331733333336,1520.4525156580332,31.43083126526667,57.56364620228257,10.942432851239671,8.139215613931523,yes,yes,no,yes,3,East Coast,Large,5,Split,Low pressure electric,Indoor,Outdoor,R290,275,2000,802,150,1100,1.712121212
pilot_056,336,237,583.543968250925,1661.3265406111113,1361.6416146666666,174.95948288218602,0.7382256661695613,2.8469603508895114,2.8469603508895114,2.333400204183343,3.1467826306169457,7.208333333333332,568.5500000000001,575.7583333333334,5089.658333333333,12.921845102835391,31418.0,132.56540084388186,18.215608440416666,542.312211277175,23.016148533333332,60.064103380227905,14.588366541473043,13.024998408555605,yes,yes,no,yes,1,Northland,Small,,Split,,,,R32,177,,,150,2000,1.333333333
pilot_057,336,297,1146.3761029122165,962.6310079345556,0.0,413.44955727175875,1.392086051420063,0.8397165690117921,0.8397165690117921,0.0,1.2003744335829787,34.63333333333333,1896.8583333333331,1931.4916666666666,5168.033333333333,12.25626480397275,17903.690000000002,60.28178451178452,0.4459458416666667,1094.212592383075,51.717564687475004,57.77363473116435,11.533342065239063,13.279161670024447,yes,yes,no,yes,3,Northland,Medium,4,Integral,Low pressure electric,Indoor,,R134a,246,1500,495,150,1000,1.636363636
pilot_058,336,216,396.16197931168335,1072.663174411111,570.0929678888889,195.54625221037267,0.9053067231961698,2.7076378613485907,2.7076378613485907,1.4390400837541355,3.20123962633908,0.19166666666666665,392.54999999999995,392.7416666666666,4746.025,12.298351333573809,17827.0,82.5324074074074,19.66622331683333,376.0549834781833,0.4407725166666667,58.922279688113534,7.174897627194705,13.884125203343244,yes,yes,no,yes,1,Central Otago,Medium,3,Split,,Indoor,Indoor/outdoor,R32,180,,,150,2000,1.333333333
pilot_059,336,262,603.8959939159918,1674.214816011111,0.0,331.0633193734474,1.2636004556238452,2.7723562217304787,2.7723562217304787,0.0,3.3205686998869437,12.258333333333333,913.7333333333333,925.9916666666667,5341.049999999999,8.575362449266102,28690.0,109.50381679389314,2.419471193675,559.1693827389832,42.307139983333336,53.43226002091321,3.2461066573719064,11.362767514813521,yes,yes,no,yes,3,Christchurch,Small,2,Integral,Electric,Indoor,,R134a,280,3000,1000,150,1200,1.712121212
pilot_060,336,278,736.16707443305,1392.3690988277776,2189.0976531666665,395.0855680835993,1.4211711082143859,1.8913764920824443,1.8913764920824443,2.973642436878304,2.4280557077182015,10.25,703.8583333333333,714.1083333333333,5960.8083333333325,12.074523006546626,30772.0,110.69064748201438,0.5284784083333334,713.0090203080499,22.629575716666665,54.36058852203301,15.446942025217732,13.156931626153645,yes,yes,no,yes,1,Dunedin,Small,2,Split,Solar HW,,,R32,180,,,150,2000,2.075757576
pilot_061,336,302,897.329542005225,1849.0714777888888,2191.2758847777777,394.3878655856654,1.3059200847207464,2.0606381393137307,2.0606381393137307,2.4419968163324084,2.5001509906396135,19.583333333333332,776.9416666666666,796.525,6427.625,11.387492545745584,35719.0,118.2748344370861,11.200215465949999,830.3075484739333,55.82177806534166,58.05672443237493,13.53646518659537,12.564273915843108,yes,yes,no,yes,2,Queenstown-Lakes,Large,5,Split,Low pressure electric,Indoor,,R32,227,,,150,2000,1.560606061
pilot_062,336,226,662.9455607266,1558.4418465777778,0.0,288.34392945243985,1.2758580949223002,2.3507840445747887,2.3507840445747887,0.0,2.785727645579387,93.475,625.3166666666666,718.7916666666666,4681.933333333334,13.320939655672134,41888.0,185.34513274336283,7.85186532805,457.00426363957496,198.08943175897502,49.86397727272727,17.86734625668449,14.332512891520246,yes,yes,no,yes,2,Queenstown-Lakes,Medium,4,Split,Low pressure electric,Indoor,Outdoor,R290,275,2000,802,150,1100,1.712121212
pilot_063,336,305,1314.5984980221501,4005.15695125,0.0,507.4120123035131,1.6636459419787315,3.046676956710258,3.046676956710258,0.0,3.4326594548394795,15.308333333333334,1614.2916666666667,1629.6000000000001,5660.841666666667,8.674990283914251,60884.0,199.61967213114755,9.326819200158333,1272.685638067725,32.58604075426666,58.15074321660863,1.5763846002233755,10.060933907102031,yes,yes,no,yes,3,Christchurch,Medium,4,Split,Low pressure electric,Indoor,Outdoor,R290,275,2000,802,150,1100,1.712121212
pilot_064,336,177,549.5832208065167,1588.9149731000002,0.0,230.19973685793542,1.3005634850730814,2.8911271540791548,2.8911271540791548,0.0,3.309989535867514,0.008333333333333333,838.625,838.6333333333333,3382.866666666667,16.138946301522317,24645.0,139.23728813559322,0.3960941333333334,549.1703529731833,0.0167737,63.81894339622641,8.3723189287888,20.31810103469264,yes,yes,no,yes,1,East Coast,Small,3,Integral,,,,R134a,246,1500,495,150,1000,1.636363636
pilot_065,336,227,659.6215129275249,1754.9037450388887,0.0,316.09633259504574,1.3924948572468976,2.660470755797964,2.660470755797964,0.0,3.1396794025750383,42.55,726.9583333333333,769.5083333333332,4651.324999999999,13.489540940643916,41962.0,184.85462555066078,2.484685675675,563.4661602240333,93.67066702781666,53.838911157714115,17.87222725322911,15.464086554501693,yes,yes,no,yes,2,Queenstown-Lakes,Medium,4,Split,Low pressure electric,Indoor,Outdoor,R290,275,2000,802,150,1100,1.712121212
pilot_066,336,315,540.0519054838667,761.8293490888889,0.0,472.8317560540172,1.5010531938222769,1.4106594965280563,1.4106594965280563,0.0,2.2861897025188624,0.016666666666666666,823.1166666666667,823.1333333333333,6692.291666666666,13.479789625010126,14642.0,46.48253968253968,0.4115432333333333,539.6084585171999,0.03190373333333334,61.249953558257076,16.503298729681738,19.879470017757132,yes,yes,no,yes,1,Christchurch,Medium,4,Integral,Electric,Indoor,Outdoor,R134a,246,1500,495,150,1000,1.636363636
pilot_067,336,315,1543.3433906956916,3060.3216704666665,3645.9077452777783,472.71837791767877,1.5006932632307262,1.9829168861034665,1.9829168861034665,2.362343835634865,2.2892118952165013,0.03333333333333333,831.725,831.7583333333333,6604.866666666667,12.875479656550882,65558.0,208.12063492063493,83.178357703375,1460.0143185589834,0.15071443333333334,57.01465084352787,16.868431007657342,15.38852466518198,yes,yes,no,yes,1,Auckland,Medium,4,Split,Electric,Indoor,Outdoor,R290,250,3000,1360,150,2100,1.636363636
pilot_068,336,163,817.3989610721917,2209.322079611111,0.0,247.49890623225866,1.5183981977439183,2.7028687150679973,2.7028687150679973,0.0,3.0056570938391323,0.0,1051.9250000000002,1051.9250000000002,2838.7166666666667,11.951713921303007,43196.0,265.00613496932516,18.764253293966668,798.634707778225,0.0,58.76710343550328,14.78066719140661,14.130998240577833,yes,yes,no,yes,2,Auckland,Medium,5,Integral,,,,R290,330,1500,820,150,1300,1.931818182
pilot_069,336,224,2017.7698076070917,16417442.270854883,264782.3164299419,379.4884020520329,1.694144652018004,8136.42973988426,8136.42973988426,131.22523462869725,8136.617813073095,116.29166666666667,896.6333333333333,1012.925,4330.375,8.740144466108877,1816611969.0,8109874.861607143,138.52821348734167,1500.5029396536083,378.7386544661417,16.872484948193144,9.100237779617975,4.70031430751847,yes,yes,no,yes,3,Auckland,Medium,3,Split,Gas instant,Outdoor,Outdoor,R290,250,3000,1360,150,2100,1.636363636
pilot_070,336,181,881.9310812447918,1143.9282779166667,2768.2222648888887,316.83272390686545,1.7504570381594777,1.2970721887951628,1.2970721887951628,3.138819261230381,1.6563210356094462,1.7999999999999998,403.2833333333333,405.0833333333333,3935.825,6.49489405472125,21950.0,121.2707182320442,158.38508440391666,719.703920390875,3.8420764499999995,55.73014806378132,10.910592255125284,8.527466970387243,yes,yes,no,yes,3,Queenstown-Lakes,Small,2,Split,Gas instant,Outdoor,Indoor/outdoor,R290,250,3000,1360,150,2100,1.636363636
pilot_071,336,75,235.9576968918,573.7005324555556,639.9474242777778,109.63502406857009,1.4618003209142678,2.431370283795531,2.431370283795531,2.7121277784433966,2.89600875718614,1.6250000000000002,241.44166666666666,243.06666666666666,1555.4916666666666,9.306956253428416,10622.0,141.62666666666667,0.10040968925833335,232.22356271087497,3.633724491666667,58.72008472980606,12.270457540952739,9.628610431180569,yes,yes,no,yes,1,Auckland,Large,5,Split,Wetback,,,R32,180,,,150,2000,2.075757576
pilot_072,336,248,1241.4619622057999,3870.6847477277774,5112.018780555555,402.72685796443943,1.6238986208243527,3.117844014205991,3.117844014205991,4.117740966845768,3.4422412734251813,0.0,1166.8,1166.8,4724.458333333333,9.714559764598333,72697.0,293.133064516129,9.130604436258333,1232.3313577695417,0.0,59.928951263463425,14.138535290314593,13.759080842400648,yes,yes,no,yes,2,East Coast,Large,7,Split,Electric,Outdoor,,CO2,315,0,870,150,99999,1.863636364
pilot_073,336,246,1474.8077516392418,2840.1114893666663,1676.6335798333334,384.4446901191133,1.5627832931671273,1.9257503130220843,1.9257503130220843,1.1368489065573213,2.1864247566516384,1.6166666666666667,782.6916666666667,784.3083333333334,5117.674999999999,13.516022610155446,59380.0,241.3821138211382,65.25179700928334,1406.00904447875,3.5469101512083334,57.34749612664197,16.213730212192658,14.736273155944765,yes,yes,no,yes,1,Northland,Large,5,Split,Low pressure electric,Indoor,Outdoor,R290,250,3000,1360,150,2100,1.636363636
pilot_074,336,289,1020.09521984025,2638.9159109444445,0.0,382.0700547452572,1.3220417119213053,2.586930964501242,2.586930964501242,0.0,2.961474484865047,11.341666666666667,1605.4916666666668,1616.8333333333335,5295.741666666667,10.734027935264406,57994.0,200.67128027681662,6.977480827408334,975.5517507019667,37.565988310875,54.73755043625203,15.604314239404074,14.603743490705934,yes,yes,no,yes,2,Northland,Medium,4,Integral,Gas instant,Outdoor,Outdoor,R134a,280,3000,1000,150,1200,1.712121212
pilot_075,336,266,1407.9480895663248,4859.3551693555555,4188.754504277777,379.70793700259475,1.4274734473781758,3.451373815104455,3.451373815104455,2.975077373461968,3.7210626905796524,19.808333333333334,1267.5,1287.3083333333334,5033.766666666666,9.950330469908144,71021.0,266.99624060150376,13.967144508108333,1329.9314296293833,64.04951542883333,60.51196096929078,1.6689162360428607,10.04030920431985,yes,yes,no,yes,3,Queenstown-Lakes,Medium,6,Split,Electric,Indoor,,R32,300,,,150,2000,1.787878788
pilot_076,336,256,848.5108498693166,2303.044212661111,2726.4143573333336,293.71865637101473,1.1473385014492763,2.714218931927405,2.714218931927405,3.2131755978762584,3.06037674053557,4.725,853.2916666666666,858.0166666666667,5263.233333333333,13.098531497057166,42785.0,167.12890625,0.3796981383333333,838.4176064143167,9.713545316666666,61.08808764754003,14.795227299287134,14.087712983522264,yes,yes,no,yes,3,East Coast,Large,5,Split,Low pressure electric,Indoor,,R32,180,,,150,2000,1.333333333
pilot_077,336,295,1433.3823782118752,2850.8203820055555,3697.914260444444,567.1114977571206,1.9224118568037984,1.9888763984680171,1.9888763984680171,2.579851905991436,2.384522045001348,0.0,1301.525,1301.525,5753.166666666666,10.554699295057722,53029.0,179.75932203389831,24.02570602449166,1409.3566721873833,0.0,59.1825467197194,12.948735597503255,11.97301665126629,yes,yes,no,yes,3,Queenstown-Lakes,Large,5,Integral,,,,CO2,315,0,870,150,99999,1.863636364
pilot_078,336,298,988.13561975965,2670.2983064333334,0.0,432.52061079913494,1.451411445634681,2.7023601346167903,2.7023601346167903,0.0,3.140073948540773,0.15,1193.825,1193.9750000000001,5917.1,15.49686969995184,55973.0,187.8288590604027,11.919515503,975.9656648649834,0.2504393916666667,58.37449770425026,17.346107944902005,16.377022850302826,yes,yes,no,yes,1,Dunedin,Medium,4,Split,Electric,Indoor,Outdoor,R290,275,2000,802,150,1100,1.712121212
pilot_079,336,280,727.2507698268166,1745.1550277777778,0.0,404.51003792148845,1.4446787068624587,2.3996606125193365,2.3996606125193365,0.0,2.9558787077134,0.5166666666666667,879.3,879.8166666666666,5796.066666666667,15.983872587092009,37889.0,135.31785714285715,18.9534372782,707.1711853402833,1.126147208333333,57.966713294095904,18.35495262477236,16.82213307292354,yes,yes,no,yes,1,Northland,Medium,3,Split,Gas storage,Outdoor,Outdoor,R290,275,2000,802,150,1100,1.712121212
pilot_080,336,279,1215.5713206025666,2836.893804188889,0.0,431.82548077612216,1.5477615798427318,2.333794616660273,2.333794616660273,0.0,2.689039490784207,0.0,1397.6166666666668,1397.6166666666668,5252.299999999999,12.776505837318295,50167.0,179.8100358422939,38.43473178271666,1177.1365888198502,0.0,64.60946199693025,15.97677955628202,18.405844479438674,yes,yes,no,yes,1,Auckland,Large,6,Integral,Low pressure electric,Indoor,Outdoor,R290,330,1500,820,150,1300,1.931818182
pilot_081,336,292,1186.6104983465834,3263.817572166666,3319.817647611111,383.0953091194132,1.311970236710319,2.7505382572583437,2.7505382572583437,2.7977315658650643,3.073386664257284,21.625,1046.4916666666666,1068.1166666666666,5908.375,10.630016227940143,59581.0,204.0445205479452,19.791369117591664,1099.419018635575,67.40011059341667,61.26546717913428,14.154571088098555,11.459344421879457,yes,yes,no,yes,2,Auckland,Medium,4,Split,Electric,Indoor,,R32,250,,,150,2000,1.636363636
pilot_082,336,293,1351.9909982453667,2866.0100271833335,0.0,524.1477066789773,1.7889000227951444,2.1198440159016463,2.1198440159016463,0.0,2.5075298121526743,54.25833333333334,2030.9916666666666,2085.25,4881.683333333333,9.80584662110858,50358.0,171.8703071672355,39.426306542000006,1225.6346948214,86.92999688196666,62.93036677389889,13.98489614361174,13.060586202788038,yes,yes,no,yes,2,Dunedin,Medium,3,Integral,Low pressure electric,Indoor,Outdoor,R134a,246,1500,495,150,1000,1.636363636
pilot_083,336,298,2246.9868410397585,4845.652298355555,0.0,329.20178995144124,1.1047039931256417,2.15651120418369,2.15651120418369,0.0,2.3030193118142215,62.925,2821.0999999999995,2884.0249999999996,4206.35,12.547956415079621,97748.0,328.0134228187919,14.734563731633333,2023.6155738004165,208.63670350770832,57.18367209559275,14.550500265990095,17.76941727707984,yes,yes,no,yes,1,Auckland,Medium,4,Integral,Gas instant,Outdoor,Outdoor,R134a,280,3000,1000,150,1200,1.712121212
